dijk;1;13;AVWTit3t2INwjrJt81D6;13
dijk;150;1;AVWTit3t2INwjrJt81D6;1
dijk;17;1;AVWTit3t2INwjrJt81D6;1
dijk;2;12;AVWTit3t2INwjrJt81D6;12
dijk;2015;24;AVWTit3t2INwjrJt81D6;24
dijk;28;25;AVWTit3t2INwjrJt81D6;25
dijk;3;9;AVWTit3t2INwjrJt81D6;9
dijk;4;10;AVWTit3t2INwjrJt81D6;10
dijk;5;9;AVWTit3t2INwjrJt81D6;9
dijk;50;1;AVWTit3t2INwjrJt81D6;1
dijk;6;9;AVWTit3t2INwjrJt81D6;9
dijk;7;1;AVWTit3t2INwjrJt81D6;1
dijk;aanbreng;2;AVWTit3t2INwjrJt81D6;2
dijk;aangebracht;1;AVWTit3t2INwjrJt81D6;1
dijk;aanleg;8;AVWTit3t2INwjrJt81D6;8
dijk;aanleid;10;AVWTit3t2INwjrJt81D6;10
dijk;aanwez;2;AVWTit3t2INwjrJt81D6;2
dijk;afgestemd;1;AVWTit3t2INwjrJt81D6;1
dijk;afvoer;1;AVWTit3t2INwjrJt81D6;1
dijk;april;24;AVWTit3t2INwjrJt81D6;24
dijk;began;1;AVWTit3t2INwjrJt81D6;1
dijk;begeleidingsgroep;2;AVWTit3t2INwjrJt81D6;2
dijk;bepaald;1;AVWTit3t2INwjrJt81D6;1
dijk;besluit;1;AVWTit3t2INwjrJt81D6;1
dijk;bestell;1;AVWTit3t2INwjrJt81D6;1
dijk;bevind;1;AVWTit3t2INwjrJt81D6;1
dijk;bewerkt;1;AVWTit3t2INwjrJt81D6;1
dijk;bindmateriaal;1;AVWTit3t2INwjrJt81D6;1
dijk;binn;3;AVWTit3t2INwjrJt81D6;3
dijk;bodemkwaliteit;1;AVWTit3t2INwjrJt81D6;1
dijk;bouwmateriaal;1;AVWTit3t2INwjrJt81D6;1
dijk;bouwmaterial;1;AVWTit3t2INwjrJt81D6;1
dijk;circa;1;AVWTit3t2INwjrJt81D6;1
dijk;conclusies;9;AVWTit3t2INwjrJt81D6;9
dijk;concurrer;1;AVWTit3t2INwjrJt81D6;1
dijk;cunet;1;AVWTit3t2INwjrJt81D6;1
dijk;daarin;1;AVWTit3t2INwjrJt81D6;1
dijk;dag;2;AVWTit3t2INwjrJt81D6;2
dijk;dichtheid;1;AVWTit3t2INwjrJt81D6;1
dijk;dijk;1;AVWTit3t2INwjrJt81D6;1
dijk;doelstell;1;AVWTit3t2INwjrJt81D6;1
dijk;dragend;1;AVWTit3t2INwjrJt81D6;1
dijk;een;1;AVWTit3t2INwjrJt81D6;1
dijk;eigenschapp;1;AVWTit3t2INwjrJt81D6;1
dijk;eind;1;AVWTit3t2INwjrJt81D6;1
dijk;eindsituatie;2;AVWTit3t2INwjrJt81D6;2
dijk;eis;1;AVWTit3t2INwjrJt81D6;1
dijk;erik;1;AVWTit3t2INwjrJt81D6;1
dijk;gebaggerd;1;AVWTit3t2INwjrJt81D6;1
dijk;geconcludeerd;1;AVWTit3t2INwjrJt81D6;1
dijk;gedefinieerd;1;AVWTit3t2INwjrJt81D6;1
dijk;gemaakt;3;AVWTit3t2INwjrJt81D6;3
dijk;gemengd;1;AVWTit3t2INwjrJt81D6;1
dijk;gewenst;2;AVWTit3t2INwjrJt81D6;2
dijk;goed;2;AVWTit3t2INwjrJt81D6;2
dijk;grav;1;AVWTit3t2INwjrJt81D6;1
dijk;grond;2;AVWTit3t2INwjrJt81D6;2
dijk;grondverbeter;2;AVWTit3t2INwjrJt81D6;2
dijk;grot;1;AVWTit3t2INwjrJt81D6;1
dijk;helemal;1;AVWTit3t2INwjrJt81D6;1
dijk;herintroductie;1;AVWTit3t2INwjrJt81D6;1
dijk;hoedekenskerk;2;AVWTit3t2INwjrJt81D6;2
dijk;hoofdonderzoeksvrag;1;AVWTit3t2INwjrJt81D6;1
dijk;inhoudsopgav;8;AVWTit3t2INwjrJt81D6;8
dijk;klei;3;AVWTit3t2INwjrJt81D6;3
dijk;kn;1;AVWTit3t2INwjrJt81D6;1
dijk;kom;1;AVWTit3t2INwjrJt81D6;1
dijk;komt;1;AVWTit3t2INwjrJt81D6;1
dijk;kost;1;AVWTit3t2INwjrJt81D6;1
dijk;kpa;1;AVWTit3t2INwjrJt81D6;1
dijk;laboratorium;2;AVWTit3t2INwjrJt81D6;2
dijk;lag;2;AVWTit3t2INwjrJt81D6;2
dijk;m;1;AVWTit3t2INwjrJt81D6;1
dijk;m3;1;AVWTit3t2INwjrJt81D6;1
dijk;mat;1;AVWTit3t2INwjrJt81D6;1
dijk;materiaal;5;AVWTit3t2INwjrJt81D6;5
dijk;meerwerk;1;AVWTit3t2INwjrJt81D6;1
dijk;meng;2;AVWTit3t2INwjrJt81D6;2
dijk;mengstap;2;AVWTit3t2INwjrJt81D6;2
dijk;mijnsten;1;AVWTit3t2INwjrJt81D6;1
dijk;millimeter;1;AVWTit3t2INwjrJt81D6;1
dijk;minimal;1;AVWTit3t2INwjrJt81D6;1
dijk;mpa;1;AVWTit3t2INwjrJt81D6;1
dijk;namelijk;1;AVWTit3t2INwjrJt81D6;1
dijk;nap;1;AVWTit3t2INwjrJt81D6;1
dijk;nauwelijk;1;AVWTit3t2INwjrJt81D6;1
dijk;nieuw;1;AVWTit3t2INwjrJt81D6;1
dijk;nik;1;AVWTit3t2INwjrJt81D6;1
dijk;nodig;1;AVWTit3t2INwjrJt81D6;1
dijk;onderlag;1;AVWTit3t2INwjrJt81D6;1
dijk;onderzoek;2;AVWTit3t2INwjrJt81D6;2
dijk;ontstat;1;AVWTit3t2INwjrJt81D6;1
dijk;ontwerp;1;AVWTit3t2INwjrJt81D6;1
dijk;oppervlaktewater;1;AVWTit3t2INwjrJt81D6;1
dijk;optred;1;AVWTit3t2INwjrJt81D6;1
dijk;overen;1;AVWTit3t2INwjrJt81D6;1
dijk;overschat;1;AVWTit3t2INwjrJt81D6;1
dijk;ph;1;AVWTit3t2INwjrJt81D6;1
dijk;pilot;10;AVWTit3t2INwjrJt81D6;10
dijk;praktijkproef;10;AVWTit3t2INwjrJt81D6;10
dijk;presentatie;8;AVWTit3t2INwjrJt81D6;8
dijk;primair;1;AVWTit3t2INwjrJt81D6;1
dijk;procesgang;1;AVWTit3t2INwjrJt81D6;1
dijk;proef;1;AVWTit3t2INwjrJt81D6;1
dijk;proefresultat;1;AVWTit3t2INwjrJt81D6;1
dijk;project;1;AVWTit3t2INwjrJt81D6;1
dijk;projectlocatie;1;AVWTit3t2INwjrJt81D6;1
dijk;projectorganisatie;1;AVWTit3t2INwjrJt81D6;1
dijk;recept;1;AVWTit3t2INwjrJt81D6;1
dijk;receptuuronderzoek;10;AVWTit3t2INwjrJt81D6;10
dijk;samendruk;1;AVWTit3t2INwjrJt81D6;1
dijk;samenstell;2;AVWTit3t2INwjrJt81D6;2
dijk;schet;1;AVWTit3t2INwjrJt81D6;1
dijk;sediment;20;AVWTit3t2INwjrJt81D6;20
dijk;significant;2;AVWTit3t2INwjrJt81D6;2
dijk;slak;1;AVWTit3t2INwjrJt81D6;1
dijk;slecht;1;AVWTit3t2INwjrJt81D6;1
dijk;slib;1;AVWTit3t2INwjrJt81D6;1
dijk;slik;2;AVWTit3t2INwjrJt81D6;2
dijk;sliklag;1;AVWTit3t2INwjrJt81D6;1
dijk;special;1;AVWTit3t2INwjrJt81D6;1
dijk;steenacht;1;AVWTit3t2INwjrJt81D6;1
dijk;sterkt;2;AVWTit3t2INwjrJt81D6;2
dijk;stevig;1;AVWTit3t2INwjrJt81D6;1
dijk;stijging;1;AVWTit3t2INwjrJt81D6;1
dijk;stort;1;AVWTit3t2INwjrJt81D6;1
dijk;succesvol;1;AVWTit3t2INwjrJt81D6;1
dijk;talud;1;AVWTit3t2INwjrJt81D6;1
dijk;tijd;1;AVWTit3t2INwjrJt81D6;1
dijk;tijden;1;AVWTit3t2INwjrJt81D6;1
dijk;toegepast;1;AVWTit3t2INwjrJt81D6;1
dijk;toepass;1;AVWTit3t2INwjrJt81D6;1
dijk;toeslagstoff;1;AVWTit3t2INwjrJt81D6;1
dijk;toevoer;1;AVWTit3t2INwjrJt81D6;1
dijk;tonn;1;AVWTit3t2INwjrJt81D6;1
dijk;traditionel;1;AVWTit3t2INwjrJt81D6;1
dijk;tuss;1;AVWTit3t2INwjrJt81D6;1
dijk;twee;1;AVWTit3t2INwjrJt81D6;1
dijk;uitgevoerd;1;AVWTit3t2INwjrJt81D6;1
dijk;uitlog;1;AVWTit3t2INwjrJt81D6;1
dijk;uitvoer;1;AVWTit3t2INwjrJt81D6;1
dijk;uur;1;AVWTit3t2INwjrJt81D6;1
dijk;vanuit;1;AVWTit3t2INwjrJt81D6;1
dijk;vastenburg;1;AVWTit3t2INwjrJt81D6;1
dijk;verharder;1;AVWTit3t2INwjrJt81D6;1
dijk;verpomp;1;AVWTit3t2INwjrJt81D6;1
dijk;versterkt;19;AVWTit3t2INwjrJt81D6;19
dijk;vertical;2;AVWTit3t2INwjrJt81D6;2
dijk;vertroebel;1;AVWTit3t2INwjrJt81D6;1
dijk;vervorm;2;AVWTit3t2INwjrJt81D6;2
dijk;vet;1;AVWTit3t2INwjrJt81D6;1
dijk;voldoen;1;AVWTit3t2INwjrJt81D6;1
dijk;volumiek;1;AVWTit3t2INwjrJt81D6;1
dijk;voorland;1;AVWTit3t2INwjrJt81D6;1
dijk;vrij;1;AVWTit3t2INwjrJt81D6;1
dijk;waard;1;AVWTit3t2INwjrJt81D6;1
dijk;waardor;1;AVWTit3t2INwjrJt81D6;1
dijk;waarin;1;AVWTit3t2INwjrJt81D6;1
dijk;war;1;AVWTit3t2INwjrJt81D6;1
dijk;water;1;AVWTit3t2INwjrJt81D6;1
dijk;waterglas;1;AVWTit3t2INwjrJt81D6;1
dijk;weg;1;AVWTit3t2INwjrJt81D6;1
dijk;weinig;1;AVWTit3t2INwjrJt81D6;1
dijk;werk;2;AVWTit3t2INwjrJt81D6;2
dijk;zakt;1;AVWTit3t2INwjrJt81D6;1
dijk;zand;1;AVWTit3t2INwjrJt81D6;1
dijk;zodat;1;AVWTit3t2INwjrJt81D6;1
grond;1;13;AVWTit3t2INwjrJt81D6;13
grond;150;1;AVWTit3t2INwjrJt81D6;1
grond;17;1;AVWTit3t2INwjrJt81D6;1
grond;2;12;AVWTit3t2INwjrJt81D6;12
grond;2015;24;AVWTit3t2INwjrJt81D6;24
grond;28;25;AVWTit3t2INwjrJt81D6;25
grond;3;9;AVWTit3t2INwjrJt81D6;9
grond;4;10;AVWTit3t2INwjrJt81D6;10
grond;5;9;AVWTit3t2INwjrJt81D6;9
grond;50;1;AVWTit3t2INwjrJt81D6;1
grond;6;9;AVWTit3t2INwjrJt81D6;9
grond;7;1;AVWTit3t2INwjrJt81D6;1
grond;aanbreng;2;AVWTit3t2INwjrJt81D6;2
grond;aangebracht;1;AVWTit3t2INwjrJt81D6;1
grond;aanleg;8;AVWTit3t2INwjrJt81D6;8
grond;aanleid;10;AVWTit3t2INwjrJt81D6;10
grond;aanwez;2;AVWTit3t2INwjrJt81D6;2
grond;afgestemd;1;AVWTit3t2INwjrJt81D6;1
grond;afvoer;1;AVWTit3t2INwjrJt81D6;1
grond;april;24;AVWTit3t2INwjrJt81D6;24
grond;began;1;AVWTit3t2INwjrJt81D6;1
grond;begeleidingsgroep;2;AVWTit3t2INwjrJt81D6;2
grond;bepaald;1;AVWTit3t2INwjrJt81D6;1
grond;besluit;1;AVWTit3t2INwjrJt81D6;1
grond;bestell;1;AVWTit3t2INwjrJt81D6;1
grond;bevind;1;AVWTit3t2INwjrJt81D6;1
grond;bewerkt;1;AVWTit3t2INwjrJt81D6;1
grond;bindmateriaal;1;AVWTit3t2INwjrJt81D6;1
grond;binn;3;AVWTit3t2INwjrJt81D6;3
grond;bodemkwaliteit;1;AVWTit3t2INwjrJt81D6;1
grond;bouwmateriaal;1;AVWTit3t2INwjrJt81D6;1
grond;bouwmaterial;1;AVWTit3t2INwjrJt81D6;1
grond;circa;1;AVWTit3t2INwjrJt81D6;1
grond;conclusies;9;AVWTit3t2INwjrJt81D6;9
grond;concurrer;1;AVWTit3t2INwjrJt81D6;1
grond;cunet;1;AVWTit3t2INwjrJt81D6;1
grond;daarin;1;AVWTit3t2INwjrJt81D6;1
grond;dag;2;AVWTit3t2INwjrJt81D6;2
grond;dichtheid;1;AVWTit3t2INwjrJt81D6;1
grond;dijk;1;AVWTit3t2INwjrJt81D6;1
grond;doelstell;1;AVWTit3t2INwjrJt81D6;1
grond;dragend;1;AVWTit3t2INwjrJt81D6;1
grond;een;1;AVWTit3t2INwjrJt81D6;1
grond;eigenschapp;1;AVWTit3t2INwjrJt81D6;1
grond;eind;1;AVWTit3t2INwjrJt81D6;1
grond;eindsituatie;2;AVWTit3t2INwjrJt81D6;2
grond;eis;1;AVWTit3t2INwjrJt81D6;1
grond;erik;1;AVWTit3t2INwjrJt81D6;1
grond;gebaggerd;1;AVWTit3t2INwjrJt81D6;1
grond;geconcludeerd;1;AVWTit3t2INwjrJt81D6;1
grond;gedefinieerd;1;AVWTit3t2INwjrJt81D6;1
grond;gemaakt;3;AVWTit3t2INwjrJt81D6;3
grond;gemengd;1;AVWTit3t2INwjrJt81D6;1
grond;gewenst;2;AVWTit3t2INwjrJt81D6;2
grond;goed;2;AVWTit3t2INwjrJt81D6;2
grond;grav;1;AVWTit3t2INwjrJt81D6;1
grond;grond;2;AVWTit3t2INwjrJt81D6;2
grond;grondverbeter;2;AVWTit3t2INwjrJt81D6;2
grond;grot;1;AVWTit3t2INwjrJt81D6;1
grond;helemal;1;AVWTit3t2INwjrJt81D6;1
grond;herintroductie;1;AVWTit3t2INwjrJt81D6;1
grond;hoedekenskerk;2;AVWTit3t2INwjrJt81D6;2
grond;hoofdonderzoeksvrag;1;AVWTit3t2INwjrJt81D6;1
grond;inhoudsopgav;8;AVWTit3t2INwjrJt81D6;8
grond;klei;3;AVWTit3t2INwjrJt81D6;3
grond;kn;1;AVWTit3t2INwjrJt81D6;1
grond;kom;1;AVWTit3t2INwjrJt81D6;1
grond;komt;1;AVWTit3t2INwjrJt81D6;1
grond;kost;1;AVWTit3t2INwjrJt81D6;1
grond;kpa;1;AVWTit3t2INwjrJt81D6;1
grond;laboratorium;2;AVWTit3t2INwjrJt81D6;2
grond;lag;2;AVWTit3t2INwjrJt81D6;2
grond;m;1;AVWTit3t2INwjrJt81D6;1
grond;m3;1;AVWTit3t2INwjrJt81D6;1
grond;mat;1;AVWTit3t2INwjrJt81D6;1
grond;materiaal;5;AVWTit3t2INwjrJt81D6;5
grond;meerwerk;1;AVWTit3t2INwjrJt81D6;1
grond;meng;2;AVWTit3t2INwjrJt81D6;2
grond;mengstap;2;AVWTit3t2INwjrJt81D6;2
grond;mijnsten;1;AVWTit3t2INwjrJt81D6;1
grond;millimeter;1;AVWTit3t2INwjrJt81D6;1
grond;minimal;1;AVWTit3t2INwjrJt81D6;1
grond;mpa;1;AVWTit3t2INwjrJt81D6;1
grond;namelijk;1;AVWTit3t2INwjrJt81D6;1
grond;nap;1;AVWTit3t2INwjrJt81D6;1
grond;nauwelijk;1;AVWTit3t2INwjrJt81D6;1
grond;nieuw;1;AVWTit3t2INwjrJt81D6;1
grond;nik;1;AVWTit3t2INwjrJt81D6;1
grond;nodig;1;AVWTit3t2INwjrJt81D6;1
grond;onderlag;1;AVWTit3t2INwjrJt81D6;1
grond;onderzoek;2;AVWTit3t2INwjrJt81D6;2
grond;ontstat;1;AVWTit3t2INwjrJt81D6;1
grond;ontwerp;1;AVWTit3t2INwjrJt81D6;1
grond;oppervlaktewater;1;AVWTit3t2INwjrJt81D6;1
grond;optred;1;AVWTit3t2INwjrJt81D6;1
grond;overen;1;AVWTit3t2INwjrJt81D6;1
grond;overschat;1;AVWTit3t2INwjrJt81D6;1
grond;ph;1;AVWTit3t2INwjrJt81D6;1
grond;pilot;10;AVWTit3t2INwjrJt81D6;10
grond;praktijkproef;10;AVWTit3t2INwjrJt81D6;10
grond;presentatie;8;AVWTit3t2INwjrJt81D6;8
grond;primair;1;AVWTit3t2INwjrJt81D6;1
grond;procesgang;1;AVWTit3t2INwjrJt81D6;1
grond;proef;1;AVWTit3t2INwjrJt81D6;1
grond;proefresultat;1;AVWTit3t2INwjrJt81D6;1
grond;project;1;AVWTit3t2INwjrJt81D6;1
grond;projectlocatie;1;AVWTit3t2INwjrJt81D6;1
grond;projectorganisatie;1;AVWTit3t2INwjrJt81D6;1
grond;recept;1;AVWTit3t2INwjrJt81D6;1
grond;receptuuronderzoek;10;AVWTit3t2INwjrJt81D6;10
grond;samendruk;1;AVWTit3t2INwjrJt81D6;1
grond;samenstell;2;AVWTit3t2INwjrJt81D6;2
grond;schet;1;AVWTit3t2INwjrJt81D6;1
grond;sediment;20;AVWTit3t2INwjrJt81D6;20
grond;significant;2;AVWTit3t2INwjrJt81D6;2
grond;slak;1;AVWTit3t2INwjrJt81D6;1
grond;slecht;1;AVWTit3t2INwjrJt81D6;1
grond;slib;1;AVWTit3t2INwjrJt81D6;1
grond;slik;2;AVWTit3t2INwjrJt81D6;2
grond;sliklag;1;AVWTit3t2INwjrJt81D6;1
grond;special;1;AVWTit3t2INwjrJt81D6;1
grond;steenacht;1;AVWTit3t2INwjrJt81D6;1
grond;sterkt;2;AVWTit3t2INwjrJt81D6;2
grond;stevig;1;AVWTit3t2INwjrJt81D6;1
grond;stijging;1;AVWTit3t2INwjrJt81D6;1
grond;stort;1;AVWTit3t2INwjrJt81D6;1
grond;succesvol;1;AVWTit3t2INwjrJt81D6;1
grond;talud;1;AVWTit3t2INwjrJt81D6;1
grond;tijd;1;AVWTit3t2INwjrJt81D6;1
grond;tijden;1;AVWTit3t2INwjrJt81D6;1
grond;toegepast;1;AVWTit3t2INwjrJt81D6;1
grond;toepass;1;AVWTit3t2INwjrJt81D6;1
grond;toeslagstoff;1;AVWTit3t2INwjrJt81D6;1
grond;toevoer;1;AVWTit3t2INwjrJt81D6;1
grond;tonn;1;AVWTit3t2INwjrJt81D6;1
grond;traditionel;1;AVWTit3t2INwjrJt81D6;1
grond;tuss;1;AVWTit3t2INwjrJt81D6;1
grond;twee;1;AVWTit3t2INwjrJt81D6;1
grond;uitgevoerd;1;AVWTit3t2INwjrJt81D6;1
grond;uitlog;1;AVWTit3t2INwjrJt81D6;1
grond;uitvoer;1;AVWTit3t2INwjrJt81D6;1
grond;uur;1;AVWTit3t2INwjrJt81D6;1
grond;vanuit;1;AVWTit3t2INwjrJt81D6;1
grond;vastenburg;1;AVWTit3t2INwjrJt81D6;1
grond;verharder;1;AVWTit3t2INwjrJt81D6;1
grond;verpomp;1;AVWTit3t2INwjrJt81D6;1
grond;versterkt;19;AVWTit3t2INwjrJt81D6;19
grond;vertical;2;AVWTit3t2INwjrJt81D6;2
grond;vertroebel;1;AVWTit3t2INwjrJt81D6;1
grond;vervorm;2;AVWTit3t2INwjrJt81D6;2
grond;vet;1;AVWTit3t2INwjrJt81D6;1
grond;voldoen;1;AVWTit3t2INwjrJt81D6;1
grond;volumiek;1;AVWTit3t2INwjrJt81D6;1
grond;voorland;1;AVWTit3t2INwjrJt81D6;1
grond;vrij;1;AVWTit3t2INwjrJt81D6;1
grond;waard;1;AVWTit3t2INwjrJt81D6;1
grond;waardor;1;AVWTit3t2INwjrJt81D6;1
grond;waarin;1;AVWTit3t2INwjrJt81D6;1
grond;war;1;AVWTit3t2INwjrJt81D6;1
grond;water;1;AVWTit3t2INwjrJt81D6;1
grond;waterglas;1;AVWTit3t2INwjrJt81D6;1
grond;weg;1;AVWTit3t2INwjrJt81D6;1
grond;weinig;1;AVWTit3t2INwjrJt81D6;1
grond;werk;2;AVWTit3t2INwjrJt81D6;2
grond;zakt;1;AVWTit3t2INwjrJt81D6;1
grond;zand;1;AVWTit3t2INwjrJt81D6;1
grond;zodat;1;AVWTit3t2INwjrJt81D6;1
ontwerp;1;13;AVWTit3t2INwjrJt81D6;13
ontwerp;150;1;AVWTit3t2INwjrJt81D6;1
ontwerp;17;1;AVWTit3t2INwjrJt81D6;1
ontwerp;2;12;AVWTit3t2INwjrJt81D6;12
ontwerp;2015;24;AVWTit3t2INwjrJt81D6;24
ontwerp;28;25;AVWTit3t2INwjrJt81D6;25
ontwerp;3;9;AVWTit3t2INwjrJt81D6;9
ontwerp;4;10;AVWTit3t2INwjrJt81D6;10
ontwerp;5;9;AVWTit3t2INwjrJt81D6;9
ontwerp;50;1;AVWTit3t2INwjrJt81D6;1
ontwerp;6;9;AVWTit3t2INwjrJt81D6;9
ontwerp;7;1;AVWTit3t2INwjrJt81D6;1
ontwerp;aanbreng;2;AVWTit3t2INwjrJt81D6;2
ontwerp;aangebracht;1;AVWTit3t2INwjrJt81D6;1
ontwerp;aanleg;8;AVWTit3t2INwjrJt81D6;8
ontwerp;aanleid;10;AVWTit3t2INwjrJt81D6;10
ontwerp;aanwez;2;AVWTit3t2INwjrJt81D6;2
ontwerp;afgestemd;1;AVWTit3t2INwjrJt81D6;1
ontwerp;afvoer;1;AVWTit3t2INwjrJt81D6;1
ontwerp;april;24;AVWTit3t2INwjrJt81D6;24
ontwerp;began;1;AVWTit3t2INwjrJt81D6;1
ontwerp;begeleidingsgroep;2;AVWTit3t2INwjrJt81D6;2
ontwerp;bepaald;1;AVWTit3t2INwjrJt81D6;1
ontwerp;besluit;1;AVWTit3t2INwjrJt81D6;1
ontwerp;bestell;1;AVWTit3t2INwjrJt81D6;1
ontwerp;bevind;1;AVWTit3t2INwjrJt81D6;1
ontwerp;bewerkt;1;AVWTit3t2INwjrJt81D6;1
ontwerp;bindmateriaal;1;AVWTit3t2INwjrJt81D6;1
ontwerp;binn;3;AVWTit3t2INwjrJt81D6;3
ontwerp;bodemkwaliteit;1;AVWTit3t2INwjrJt81D6;1
ontwerp;bouwmateriaal;1;AVWTit3t2INwjrJt81D6;1
ontwerp;bouwmaterial;1;AVWTit3t2INwjrJt81D6;1
ontwerp;circa;1;AVWTit3t2INwjrJt81D6;1
ontwerp;conclusies;9;AVWTit3t2INwjrJt81D6;9
ontwerp;concurrer;1;AVWTit3t2INwjrJt81D6;1
ontwerp;cunet;1;AVWTit3t2INwjrJt81D6;1
ontwerp;daarin;1;AVWTit3t2INwjrJt81D6;1
ontwerp;dag;2;AVWTit3t2INwjrJt81D6;2
ontwerp;dichtheid;1;AVWTit3t2INwjrJt81D6;1
ontwerp;dijk;1;AVWTit3t2INwjrJt81D6;1
ontwerp;doelstell;1;AVWTit3t2INwjrJt81D6;1
ontwerp;dragend;1;AVWTit3t2INwjrJt81D6;1
ontwerp;een;1;AVWTit3t2INwjrJt81D6;1
ontwerp;eigenschapp;1;AVWTit3t2INwjrJt81D6;1
ontwerp;eind;1;AVWTit3t2INwjrJt81D6;1
ontwerp;eindsituatie;2;AVWTit3t2INwjrJt81D6;2
ontwerp;eis;1;AVWTit3t2INwjrJt81D6;1
ontwerp;erik;1;AVWTit3t2INwjrJt81D6;1
ontwerp;gebaggerd;1;AVWTit3t2INwjrJt81D6;1
ontwerp;geconcludeerd;1;AVWTit3t2INwjrJt81D6;1
ontwerp;gedefinieerd;1;AVWTit3t2INwjrJt81D6;1
ontwerp;gemaakt;3;AVWTit3t2INwjrJt81D6;3
ontwerp;gemengd;1;AVWTit3t2INwjrJt81D6;1
ontwerp;gewenst;2;AVWTit3t2INwjrJt81D6;2
ontwerp;goed;2;AVWTit3t2INwjrJt81D6;2
ontwerp;grav;1;AVWTit3t2INwjrJt81D6;1
ontwerp;grond;2;AVWTit3t2INwjrJt81D6;2
ontwerp;grondverbeter;2;AVWTit3t2INwjrJt81D6;2
ontwerp;grot;1;AVWTit3t2INwjrJt81D6;1
ontwerp;helemal;1;AVWTit3t2INwjrJt81D6;1
ontwerp;herintroductie;1;AVWTit3t2INwjrJt81D6;1
ontwerp;hoedekenskerk;2;AVWTit3t2INwjrJt81D6;2
ontwerp;hoofdonderzoeksvrag;1;AVWTit3t2INwjrJt81D6;1
ontwerp;inhoudsopgav;8;AVWTit3t2INwjrJt81D6;8
ontwerp;klei;3;AVWTit3t2INwjrJt81D6;3
ontwerp;kn;1;AVWTit3t2INwjrJt81D6;1
ontwerp;kom;1;AVWTit3t2INwjrJt81D6;1
ontwerp;komt;1;AVWTit3t2INwjrJt81D6;1
ontwerp;kost;1;AVWTit3t2INwjrJt81D6;1
ontwerp;kpa;1;AVWTit3t2INwjrJt81D6;1
ontwerp;laboratorium;2;AVWTit3t2INwjrJt81D6;2
ontwerp;lag;2;AVWTit3t2INwjrJt81D6;2
ontwerp;m;1;AVWTit3t2INwjrJt81D6;1
ontwerp;m3;1;AVWTit3t2INwjrJt81D6;1
ontwerp;mat;1;AVWTit3t2INwjrJt81D6;1
ontwerp;materiaal;5;AVWTit3t2INwjrJt81D6;5
ontwerp;meerwerk;1;AVWTit3t2INwjrJt81D6;1
ontwerp;meng;2;AVWTit3t2INwjrJt81D6;2
ontwerp;mengstap;2;AVWTit3t2INwjrJt81D6;2
ontwerp;mijnsten;1;AVWTit3t2INwjrJt81D6;1
ontwerp;millimeter;1;AVWTit3t2INwjrJt81D6;1
ontwerp;minimal;1;AVWTit3t2INwjrJt81D6;1
ontwerp;mpa;1;AVWTit3t2INwjrJt81D6;1
ontwerp;namelijk;1;AVWTit3t2INwjrJt81D6;1
ontwerp;nap;1;AVWTit3t2INwjrJt81D6;1
ontwerp;nauwelijk;1;AVWTit3t2INwjrJt81D6;1
ontwerp;nieuw;1;AVWTit3t2INwjrJt81D6;1
ontwerp;nik;1;AVWTit3t2INwjrJt81D6;1
ontwerp;nodig;1;AVWTit3t2INwjrJt81D6;1
ontwerp;onderlag;1;AVWTit3t2INwjrJt81D6;1
ontwerp;onderzoek;2;AVWTit3t2INwjrJt81D6;2
ontwerp;ontstat;1;AVWTit3t2INwjrJt81D6;1
ontwerp;ontwerp;1;AVWTit3t2INwjrJt81D6;1
ontwerp;oppervlaktewater;1;AVWTit3t2INwjrJt81D6;1
ontwerp;optred;1;AVWTit3t2INwjrJt81D6;1
ontwerp;overen;1;AVWTit3t2INwjrJt81D6;1
ontwerp;overschat;1;AVWTit3t2INwjrJt81D6;1
ontwerp;ph;1;AVWTit3t2INwjrJt81D6;1
ontwerp;pilot;10;AVWTit3t2INwjrJt81D6;10
ontwerp;praktijkproef;10;AVWTit3t2INwjrJt81D6;10
ontwerp;presentatie;8;AVWTit3t2INwjrJt81D6;8
ontwerp;primair;1;AVWTit3t2INwjrJt81D6;1
ontwerp;procesgang;1;AVWTit3t2INwjrJt81D6;1
ontwerp;proef;1;AVWTit3t2INwjrJt81D6;1
ontwerp;proefresultat;1;AVWTit3t2INwjrJt81D6;1
ontwerp;project;1;AVWTit3t2INwjrJt81D6;1
ontwerp;projectlocatie;1;AVWTit3t2INwjrJt81D6;1
ontwerp;projectorganisatie;1;AVWTit3t2INwjrJt81D6;1
ontwerp;recept;1;AVWTit3t2INwjrJt81D6;1
ontwerp;receptuuronderzoek;10;AVWTit3t2INwjrJt81D6;10
ontwerp;samendruk;1;AVWTit3t2INwjrJt81D6;1
ontwerp;samenstell;2;AVWTit3t2INwjrJt81D6;2
ontwerp;schet;1;AVWTit3t2INwjrJt81D6;1
ontwerp;sediment;20;AVWTit3t2INwjrJt81D6;20
ontwerp;significant;2;AVWTit3t2INwjrJt81D6;2
ontwerp;slak;1;AVWTit3t2INwjrJt81D6;1
ontwerp;slecht;1;AVWTit3t2INwjrJt81D6;1
ontwerp;slib;1;AVWTit3t2INwjrJt81D6;1
ontwerp;slik;2;AVWTit3t2INwjrJt81D6;2
ontwerp;sliklag;1;AVWTit3t2INwjrJt81D6;1
ontwerp;special;1;AVWTit3t2INwjrJt81D6;1
ontwerp;steenacht;1;AVWTit3t2INwjrJt81D6;1
ontwerp;sterkt;2;AVWTit3t2INwjrJt81D6;2
ontwerp;stevig;1;AVWTit3t2INwjrJt81D6;1
ontwerp;stijging;1;AVWTit3t2INwjrJt81D6;1
ontwerp;stort;1;AVWTit3t2INwjrJt81D6;1
ontwerp;succesvol;1;AVWTit3t2INwjrJt81D6;1
ontwerp;talud;1;AVWTit3t2INwjrJt81D6;1
ontwerp;tijd;1;AVWTit3t2INwjrJt81D6;1
ontwerp;tijden;1;AVWTit3t2INwjrJt81D6;1
ontwerp;toegepast;1;AVWTit3t2INwjrJt81D6;1
ontwerp;toepass;1;AVWTit3t2INwjrJt81D6;1
ontwerp;toeslagstoff;1;AVWTit3t2INwjrJt81D6;1
ontwerp;toevoer;1;AVWTit3t2INwjrJt81D6;1
ontwerp;tonn;1;AVWTit3t2INwjrJt81D6;1
ontwerp;traditionel;1;AVWTit3t2INwjrJt81D6;1
ontwerp;tuss;1;AVWTit3t2INwjrJt81D6;1
ontwerp;twee;1;AVWTit3t2INwjrJt81D6;1
ontwerp;uitgevoerd;1;AVWTit3t2INwjrJt81D6;1
ontwerp;uitlog;1;AVWTit3t2INwjrJt81D6;1
ontwerp;uitvoer;1;AVWTit3t2INwjrJt81D6;1
ontwerp;uur;1;AVWTit3t2INwjrJt81D6;1
ontwerp;vanuit;1;AVWTit3t2INwjrJt81D6;1
ontwerp;vastenburg;1;AVWTit3t2INwjrJt81D6;1
ontwerp;verharder;1;AVWTit3t2INwjrJt81D6;1
ontwerp;verpomp;1;AVWTit3t2INwjrJt81D6;1
ontwerp;versterkt;19;AVWTit3t2INwjrJt81D6;19
ontwerp;vertical;2;AVWTit3t2INwjrJt81D6;2
ontwerp;vertroebel;1;AVWTit3t2INwjrJt81D6;1
ontwerp;vervorm;2;AVWTit3t2INwjrJt81D6;2
ontwerp;vet;1;AVWTit3t2INwjrJt81D6;1
ontwerp;voldoen;1;AVWTit3t2INwjrJt81D6;1
ontwerp;volumiek;1;AVWTit3t2INwjrJt81D6;1
ontwerp;voorland;1;AVWTit3t2INwjrJt81D6;1
ontwerp;vrij;1;AVWTit3t2INwjrJt81D6;1
ontwerp;waard;1;AVWTit3t2INwjrJt81D6;1
ontwerp;waardor;1;AVWTit3t2INwjrJt81D6;1
ontwerp;waarin;1;AVWTit3t2INwjrJt81D6;1
ontwerp;war;1;AVWTit3t2INwjrJt81D6;1
ontwerp;water;1;AVWTit3t2INwjrJt81D6;1
ontwerp;waterglas;1;AVWTit3t2INwjrJt81D6;1
ontwerp;weg;1;AVWTit3t2INwjrJt81D6;1
ontwerp;weinig;1;AVWTit3t2INwjrJt81D6;1
ontwerp;werk;2;AVWTit3t2INwjrJt81D6;2
ontwerp;zakt;1;AVWTit3t2INwjrJt81D6;1
ontwerp;zand;1;AVWTit3t2INwjrJt81D6;1
ontwerp;zodat;1;AVWTit3t2INwjrJt81D6;1
oppervlaktewater;1;13;AVWTit3t2INwjrJt81D6;13
oppervlaktewater;150;1;AVWTit3t2INwjrJt81D6;1
oppervlaktewater;17;1;AVWTit3t2INwjrJt81D6;1
oppervlaktewater;2;12;AVWTit3t2INwjrJt81D6;12
oppervlaktewater;2015;24;AVWTit3t2INwjrJt81D6;24
oppervlaktewater;28;25;AVWTit3t2INwjrJt81D6;25
oppervlaktewater;3;9;AVWTit3t2INwjrJt81D6;9
oppervlaktewater;4;10;AVWTit3t2INwjrJt81D6;10
oppervlaktewater;5;9;AVWTit3t2INwjrJt81D6;9
oppervlaktewater;50;1;AVWTit3t2INwjrJt81D6;1
oppervlaktewater;6;9;AVWTit3t2INwjrJt81D6;9
oppervlaktewater;7;1;AVWTit3t2INwjrJt81D6;1
oppervlaktewater;aanbreng;2;AVWTit3t2INwjrJt81D6;2
oppervlaktewater;aangebracht;1;AVWTit3t2INwjrJt81D6;1
oppervlaktewater;aanleg;8;AVWTit3t2INwjrJt81D6;8
oppervlaktewater;aanleid;10;AVWTit3t2INwjrJt81D6;10
oppervlaktewater;aanwez;2;AVWTit3t2INwjrJt81D6;2
oppervlaktewater;afgestemd;1;AVWTit3t2INwjrJt81D6;1
oppervlaktewater;afvoer;1;AVWTit3t2INwjrJt81D6;1
oppervlaktewater;april;24;AVWTit3t2INwjrJt81D6;24
oppervlaktewater;began;1;AVWTit3t2INwjrJt81D6;1
oppervlaktewater;begeleidingsgroep;2;AVWTit3t2INwjrJt81D6;2
oppervlaktewater;bepaald;1;AVWTit3t2INwjrJt81D6;1
oppervlaktewater;besluit;1;AVWTit3t2INwjrJt81D6;1
oppervlaktewater;bestell;1;AVWTit3t2INwjrJt81D6;1
oppervlaktewater;bevind;1;AVWTit3t2INwjrJt81D6;1
oppervlaktewater;bewerkt;1;AVWTit3t2INwjrJt81D6;1
oppervlaktewater;bindmateriaal;1;AVWTit3t2INwjrJt81D6;1
oppervlaktewater;binn;3;AVWTit3t2INwjrJt81D6;3
oppervlaktewater;bodemkwaliteit;1;AVWTit3t2INwjrJt81D6;1
oppervlaktewater;bouwmateriaal;1;AVWTit3t2INwjrJt81D6;1
oppervlaktewater;bouwmaterial;1;AVWTit3t2INwjrJt81D6;1
oppervlaktewater;circa;1;AVWTit3t2INwjrJt81D6;1
oppervlaktewater;conclusies;9;AVWTit3t2INwjrJt81D6;9
oppervlaktewater;concurrer;1;AVWTit3t2INwjrJt81D6;1
oppervlaktewater;cunet;1;AVWTit3t2INwjrJt81D6;1
oppervlaktewater;daarin;1;AVWTit3t2INwjrJt81D6;1
oppervlaktewater;dag;2;AVWTit3t2INwjrJt81D6;2
oppervlaktewater;dichtheid;1;AVWTit3t2INwjrJt81D6;1
oppervlaktewater;dijk;1;AVWTit3t2INwjrJt81D6;1
oppervlaktewater;doelstell;1;AVWTit3t2INwjrJt81D6;1
oppervlaktewater;dragend;1;AVWTit3t2INwjrJt81D6;1
oppervlaktewater;een;1;AVWTit3t2INwjrJt81D6;1
oppervlaktewater;eigenschapp;1;AVWTit3t2INwjrJt81D6;1
oppervlaktewater;eind;1;AVWTit3t2INwjrJt81D6;1
oppervlaktewater;eindsituatie;2;AVWTit3t2INwjrJt81D6;2
oppervlaktewater;eis;1;AVWTit3t2INwjrJt81D6;1
oppervlaktewater;erik;1;AVWTit3t2INwjrJt81D6;1
oppervlaktewater;gebaggerd;1;AVWTit3t2INwjrJt81D6;1
oppervlaktewater;geconcludeerd;1;AVWTit3t2INwjrJt81D6;1
oppervlaktewater;gedefinieerd;1;AVWTit3t2INwjrJt81D6;1
oppervlaktewater;gemaakt;3;AVWTit3t2INwjrJt81D6;3
oppervlaktewater;gemengd;1;AVWTit3t2INwjrJt81D6;1
oppervlaktewater;gewenst;2;AVWTit3t2INwjrJt81D6;2
oppervlaktewater;goed;2;AVWTit3t2INwjrJt81D6;2
oppervlaktewater;grav;1;AVWTit3t2INwjrJt81D6;1
oppervlaktewater;grond;2;AVWTit3t2INwjrJt81D6;2
oppervlaktewater;grondverbeter;2;AVWTit3t2INwjrJt81D6;2
oppervlaktewater;grot;1;AVWTit3t2INwjrJt81D6;1
oppervlaktewater;helemal;1;AVWTit3t2INwjrJt81D6;1
oppervlaktewater;herintroductie;1;AVWTit3t2INwjrJt81D6;1
oppervlaktewater;hoedekenskerk;2;AVWTit3t2INwjrJt81D6;2
oppervlaktewater;hoofdonderzoeksvrag;1;AVWTit3t2INwjrJt81D6;1
oppervlaktewater;inhoudsopgav;8;AVWTit3t2INwjrJt81D6;8
oppervlaktewater;klei;3;AVWTit3t2INwjrJt81D6;3
oppervlaktewater;kn;1;AVWTit3t2INwjrJt81D6;1
oppervlaktewater;kom;1;AVWTit3t2INwjrJt81D6;1
oppervlaktewater;komt;1;AVWTit3t2INwjrJt81D6;1
oppervlaktewater;kost;1;AVWTit3t2INwjrJt81D6;1
oppervlaktewater;kpa;1;AVWTit3t2INwjrJt81D6;1
oppervlaktewater;laboratorium;2;AVWTit3t2INwjrJt81D6;2
oppervlaktewater;lag;2;AVWTit3t2INwjrJt81D6;2
oppervlaktewater;m;1;AVWTit3t2INwjrJt81D6;1
oppervlaktewater;m3;1;AVWTit3t2INwjrJt81D6;1
oppervlaktewater;mat;1;AVWTit3t2INwjrJt81D6;1
oppervlaktewater;materiaal;5;AVWTit3t2INwjrJt81D6;5
oppervlaktewater;meerwerk;1;AVWTit3t2INwjrJt81D6;1
oppervlaktewater;meng;2;AVWTit3t2INwjrJt81D6;2
oppervlaktewater;mengstap;2;AVWTit3t2INwjrJt81D6;2
oppervlaktewater;mijnsten;1;AVWTit3t2INwjrJt81D6;1
oppervlaktewater;millimeter;1;AVWTit3t2INwjrJt81D6;1
oppervlaktewater;minimal;1;AVWTit3t2INwjrJt81D6;1
oppervlaktewater;mpa;1;AVWTit3t2INwjrJt81D6;1
oppervlaktewater;namelijk;1;AVWTit3t2INwjrJt81D6;1
oppervlaktewater;nap;1;AVWTit3t2INwjrJt81D6;1
oppervlaktewater;nauwelijk;1;AVWTit3t2INwjrJt81D6;1
oppervlaktewater;nieuw;1;AVWTit3t2INwjrJt81D6;1
oppervlaktewater;nik;1;AVWTit3t2INwjrJt81D6;1
oppervlaktewater;nodig;1;AVWTit3t2INwjrJt81D6;1
oppervlaktewater;onderlag;1;AVWTit3t2INwjrJt81D6;1
oppervlaktewater;onderzoek;2;AVWTit3t2INwjrJt81D6;2
oppervlaktewater;ontstat;1;AVWTit3t2INwjrJt81D6;1
oppervlaktewater;ontwerp;1;AVWTit3t2INwjrJt81D6;1
oppervlaktewater;oppervlaktewater;1;AVWTit3t2INwjrJt81D6;1
oppervlaktewater;optred;1;AVWTit3t2INwjrJt81D6;1
oppervlaktewater;overen;1;AVWTit3t2INwjrJt81D6;1
oppervlaktewater;overschat;1;AVWTit3t2INwjrJt81D6;1
oppervlaktewater;ph;1;AVWTit3t2INwjrJt81D6;1
oppervlaktewater;pilot;10;AVWTit3t2INwjrJt81D6;10
oppervlaktewater;praktijkproef;10;AVWTit3t2INwjrJt81D6;10
oppervlaktewater;presentatie;8;AVWTit3t2INwjrJt81D6;8
oppervlaktewater;primair;1;AVWTit3t2INwjrJt81D6;1
oppervlaktewater;procesgang;1;AVWTit3t2INwjrJt81D6;1
oppervlaktewater;proef;1;AVWTit3t2INwjrJt81D6;1
oppervlaktewater;proefresultat;1;AVWTit3t2INwjrJt81D6;1
oppervlaktewater;project;1;AVWTit3t2INwjrJt81D6;1
oppervlaktewater;projectlocatie;1;AVWTit3t2INwjrJt81D6;1
oppervlaktewater;projectorganisatie;1;AVWTit3t2INwjrJt81D6;1
oppervlaktewater;recept;1;AVWTit3t2INwjrJt81D6;1
oppervlaktewater;receptuuronderzoek;10;AVWTit3t2INwjrJt81D6;10
oppervlaktewater;samendruk;1;AVWTit3t2INwjrJt81D6;1
oppervlaktewater;samenstell;2;AVWTit3t2INwjrJt81D6;2
oppervlaktewater;schet;1;AVWTit3t2INwjrJt81D6;1
oppervlaktewater;sediment;20;AVWTit3t2INwjrJt81D6;20
oppervlaktewater;significant;2;AVWTit3t2INwjrJt81D6;2
oppervlaktewater;slak;1;AVWTit3t2INwjrJt81D6;1
oppervlaktewater;slecht;1;AVWTit3t2INwjrJt81D6;1
oppervlaktewater;slib;1;AVWTit3t2INwjrJt81D6;1
oppervlaktewater;slik;2;AVWTit3t2INwjrJt81D6;2
oppervlaktewater;sliklag;1;AVWTit3t2INwjrJt81D6;1
oppervlaktewater;special;1;AVWTit3t2INwjrJt81D6;1
oppervlaktewater;steenacht;1;AVWTit3t2INwjrJt81D6;1
oppervlaktewater;sterkt;2;AVWTit3t2INwjrJt81D6;2
oppervlaktewater;stevig;1;AVWTit3t2INwjrJt81D6;1
oppervlaktewater;stijging;1;AVWTit3t2INwjrJt81D6;1
oppervlaktewater;stort;1;AVWTit3t2INwjrJt81D6;1
oppervlaktewater;succesvol;1;AVWTit3t2INwjrJt81D6;1
oppervlaktewater;talud;1;AVWTit3t2INwjrJt81D6;1
oppervlaktewater;tijd;1;AVWTit3t2INwjrJt81D6;1
oppervlaktewater;tijden;1;AVWTit3t2INwjrJt81D6;1
oppervlaktewater;toegepast;1;AVWTit3t2INwjrJt81D6;1
oppervlaktewater;toepass;1;AVWTit3t2INwjrJt81D6;1
oppervlaktewater;toeslagstoff;1;AVWTit3t2INwjrJt81D6;1
oppervlaktewater;toevoer;1;AVWTit3t2INwjrJt81D6;1
oppervlaktewater;tonn;1;AVWTit3t2INwjrJt81D6;1
oppervlaktewater;traditionel;1;AVWTit3t2INwjrJt81D6;1
oppervlaktewater;tuss;1;AVWTit3t2INwjrJt81D6;1
oppervlaktewater;twee;1;AVWTit3t2INwjrJt81D6;1
oppervlaktewater;uitgevoerd;1;AVWTit3t2INwjrJt81D6;1
oppervlaktewater;uitlog;1;AVWTit3t2INwjrJt81D6;1
oppervlaktewater;uitvoer;1;AVWTit3t2INwjrJt81D6;1
oppervlaktewater;uur;1;AVWTit3t2INwjrJt81D6;1
oppervlaktewater;vanuit;1;AVWTit3t2INwjrJt81D6;1
oppervlaktewater;vastenburg;1;AVWTit3t2INwjrJt81D6;1
oppervlaktewater;verharder;1;AVWTit3t2INwjrJt81D6;1
oppervlaktewater;verpomp;1;AVWTit3t2INwjrJt81D6;1
oppervlaktewater;versterkt;19;AVWTit3t2INwjrJt81D6;19
oppervlaktewater;vertical;2;AVWTit3t2INwjrJt81D6;2
oppervlaktewater;vertroebel;1;AVWTit3t2INwjrJt81D6;1
oppervlaktewater;vervorm;2;AVWTit3t2INwjrJt81D6;2
oppervlaktewater;vet;1;AVWTit3t2INwjrJt81D6;1
oppervlaktewater;voldoen;1;AVWTit3t2INwjrJt81D6;1
oppervlaktewater;volumiek;1;AVWTit3t2INwjrJt81D6;1
oppervlaktewater;voorland;1;AVWTit3t2INwjrJt81D6;1
oppervlaktewater;vrij;1;AVWTit3t2INwjrJt81D6;1
oppervlaktewater;waard;1;AVWTit3t2INwjrJt81D6;1
oppervlaktewater;waardor;1;AVWTit3t2INwjrJt81D6;1
oppervlaktewater;waarin;1;AVWTit3t2INwjrJt81D6;1
oppervlaktewater;war;1;AVWTit3t2INwjrJt81D6;1
oppervlaktewater;water;1;AVWTit3t2INwjrJt81D6;1
oppervlaktewater;waterglas;1;AVWTit3t2INwjrJt81D6;1
oppervlaktewater;weg;1;AVWTit3t2INwjrJt81D6;1
oppervlaktewater;weinig;1;AVWTit3t2INwjrJt81D6;1
oppervlaktewater;werk;2;AVWTit3t2INwjrJt81D6;2
oppervlaktewater;zakt;1;AVWTit3t2INwjrJt81D6;1
oppervlaktewater;zand;1;AVWTit3t2INwjrJt81D6;1
oppervlaktewater;zodat;1;AVWTit3t2INwjrJt81D6;1
talud;1;13;AVWTit3t2INwjrJt81D6;13
talud;150;1;AVWTit3t2INwjrJt81D6;1
talud;17;1;AVWTit3t2INwjrJt81D6;1
talud;2;12;AVWTit3t2INwjrJt81D6;12
talud;2015;24;AVWTit3t2INwjrJt81D6;24
talud;28;25;AVWTit3t2INwjrJt81D6;25
talud;3;9;AVWTit3t2INwjrJt81D6;9
talud;4;10;AVWTit3t2INwjrJt81D6;10
talud;5;9;AVWTit3t2INwjrJt81D6;9
talud;50;1;AVWTit3t2INwjrJt81D6;1
talud;6;9;AVWTit3t2INwjrJt81D6;9
talud;7;1;AVWTit3t2INwjrJt81D6;1
talud;aanbreng;2;AVWTit3t2INwjrJt81D6;2
talud;aangebracht;1;AVWTit3t2INwjrJt81D6;1
talud;aanleg;8;AVWTit3t2INwjrJt81D6;8
talud;aanleid;10;AVWTit3t2INwjrJt81D6;10
talud;aanwez;2;AVWTit3t2INwjrJt81D6;2
talud;afgestemd;1;AVWTit3t2INwjrJt81D6;1
talud;afvoer;1;AVWTit3t2INwjrJt81D6;1
talud;april;24;AVWTit3t2INwjrJt81D6;24
talud;began;1;AVWTit3t2INwjrJt81D6;1
talud;begeleidingsgroep;2;AVWTit3t2INwjrJt81D6;2
talud;bepaald;1;AVWTit3t2INwjrJt81D6;1
talud;besluit;1;AVWTit3t2INwjrJt81D6;1
talud;bestell;1;AVWTit3t2INwjrJt81D6;1
talud;bevind;1;AVWTit3t2INwjrJt81D6;1
talud;bewerkt;1;AVWTit3t2INwjrJt81D6;1
talud;bindmateriaal;1;AVWTit3t2INwjrJt81D6;1
talud;binn;3;AVWTit3t2INwjrJt81D6;3
talud;bodemkwaliteit;1;AVWTit3t2INwjrJt81D6;1
talud;bouwmateriaal;1;AVWTit3t2INwjrJt81D6;1
talud;bouwmaterial;1;AVWTit3t2INwjrJt81D6;1
talud;circa;1;AVWTit3t2INwjrJt81D6;1
talud;conclusies;9;AVWTit3t2INwjrJt81D6;9
talud;concurrer;1;AVWTit3t2INwjrJt81D6;1
talud;cunet;1;AVWTit3t2INwjrJt81D6;1
talud;daarin;1;AVWTit3t2INwjrJt81D6;1
talud;dag;2;AVWTit3t2INwjrJt81D6;2
talud;dichtheid;1;AVWTit3t2INwjrJt81D6;1
talud;dijk;1;AVWTit3t2INwjrJt81D6;1
talud;doelstell;1;AVWTit3t2INwjrJt81D6;1
talud;dragend;1;AVWTit3t2INwjrJt81D6;1
talud;een;1;AVWTit3t2INwjrJt81D6;1
talud;eigenschapp;1;AVWTit3t2INwjrJt81D6;1
talud;eind;1;AVWTit3t2INwjrJt81D6;1
talud;eindsituatie;2;AVWTit3t2INwjrJt81D6;2
talud;eis;1;AVWTit3t2INwjrJt81D6;1
talud;erik;1;AVWTit3t2INwjrJt81D6;1
talud;gebaggerd;1;AVWTit3t2INwjrJt81D6;1
talud;geconcludeerd;1;AVWTit3t2INwjrJt81D6;1
talud;gedefinieerd;1;AVWTit3t2INwjrJt81D6;1
talud;gemaakt;3;AVWTit3t2INwjrJt81D6;3
talud;gemengd;1;AVWTit3t2INwjrJt81D6;1
talud;gewenst;2;AVWTit3t2INwjrJt81D6;2
talud;goed;2;AVWTit3t2INwjrJt81D6;2
talud;grav;1;AVWTit3t2INwjrJt81D6;1
talud;grond;2;AVWTit3t2INwjrJt81D6;2
talud;grondverbeter;2;AVWTit3t2INwjrJt81D6;2
talud;grot;1;AVWTit3t2INwjrJt81D6;1
talud;helemal;1;AVWTit3t2INwjrJt81D6;1
talud;herintroductie;1;AVWTit3t2INwjrJt81D6;1
talud;hoedekenskerk;2;AVWTit3t2INwjrJt81D6;2
talud;hoofdonderzoeksvrag;1;AVWTit3t2INwjrJt81D6;1
talud;inhoudsopgav;8;AVWTit3t2INwjrJt81D6;8
talud;klei;3;AVWTit3t2INwjrJt81D6;3
talud;kn;1;AVWTit3t2INwjrJt81D6;1
talud;kom;1;AVWTit3t2INwjrJt81D6;1
talud;komt;1;AVWTit3t2INwjrJt81D6;1
talud;kost;1;AVWTit3t2INwjrJt81D6;1
talud;kpa;1;AVWTit3t2INwjrJt81D6;1
talud;laboratorium;2;AVWTit3t2INwjrJt81D6;2
talud;lag;2;AVWTit3t2INwjrJt81D6;2
talud;m;1;AVWTit3t2INwjrJt81D6;1
talud;m3;1;AVWTit3t2INwjrJt81D6;1
talud;mat;1;AVWTit3t2INwjrJt81D6;1
talud;materiaal;5;AVWTit3t2INwjrJt81D6;5
talud;meerwerk;1;AVWTit3t2INwjrJt81D6;1
talud;meng;2;AVWTit3t2INwjrJt81D6;2
talud;mengstap;2;AVWTit3t2INwjrJt81D6;2
talud;mijnsten;1;AVWTit3t2INwjrJt81D6;1
talud;millimeter;1;AVWTit3t2INwjrJt81D6;1
talud;minimal;1;AVWTit3t2INwjrJt81D6;1
talud;mpa;1;AVWTit3t2INwjrJt81D6;1
talud;namelijk;1;AVWTit3t2INwjrJt81D6;1
talud;nap;1;AVWTit3t2INwjrJt81D6;1
talud;nauwelijk;1;AVWTit3t2INwjrJt81D6;1
talud;nieuw;1;AVWTit3t2INwjrJt81D6;1
talud;nik;1;AVWTit3t2INwjrJt81D6;1
talud;nodig;1;AVWTit3t2INwjrJt81D6;1
talud;onderlag;1;AVWTit3t2INwjrJt81D6;1
talud;onderzoek;2;AVWTit3t2INwjrJt81D6;2
talud;ontstat;1;AVWTit3t2INwjrJt81D6;1
talud;ontwerp;1;AVWTit3t2INwjrJt81D6;1
talud;oppervlaktewater;1;AVWTit3t2INwjrJt81D6;1
talud;optred;1;AVWTit3t2INwjrJt81D6;1
talud;overen;1;AVWTit3t2INwjrJt81D6;1
talud;overschat;1;AVWTit3t2INwjrJt81D6;1
talud;ph;1;AVWTit3t2INwjrJt81D6;1
talud;pilot;10;AVWTit3t2INwjrJt81D6;10
talud;praktijkproef;10;AVWTit3t2INwjrJt81D6;10
talud;presentatie;8;AVWTit3t2INwjrJt81D6;8
talud;primair;1;AVWTit3t2INwjrJt81D6;1
talud;procesgang;1;AVWTit3t2INwjrJt81D6;1
talud;proef;1;AVWTit3t2INwjrJt81D6;1
talud;proefresultat;1;AVWTit3t2INwjrJt81D6;1
talud;project;1;AVWTit3t2INwjrJt81D6;1
talud;projectlocatie;1;AVWTit3t2INwjrJt81D6;1
talud;projectorganisatie;1;AVWTit3t2INwjrJt81D6;1
talud;recept;1;AVWTit3t2INwjrJt81D6;1
talud;receptuuronderzoek;10;AVWTit3t2INwjrJt81D6;10
talud;samendruk;1;AVWTit3t2INwjrJt81D6;1
talud;samenstell;2;AVWTit3t2INwjrJt81D6;2
talud;schet;1;AVWTit3t2INwjrJt81D6;1
talud;sediment;20;AVWTit3t2INwjrJt81D6;20
talud;significant;2;AVWTit3t2INwjrJt81D6;2
talud;slak;1;AVWTit3t2INwjrJt81D6;1
talud;slecht;1;AVWTit3t2INwjrJt81D6;1
talud;slib;1;AVWTit3t2INwjrJt81D6;1
talud;slik;2;AVWTit3t2INwjrJt81D6;2
talud;sliklag;1;AVWTit3t2INwjrJt81D6;1
talud;special;1;AVWTit3t2INwjrJt81D6;1
talud;steenacht;1;AVWTit3t2INwjrJt81D6;1
talud;sterkt;2;AVWTit3t2INwjrJt81D6;2
talud;stevig;1;AVWTit3t2INwjrJt81D6;1
talud;stijging;1;AVWTit3t2INwjrJt81D6;1
talud;stort;1;AVWTit3t2INwjrJt81D6;1
talud;succesvol;1;AVWTit3t2INwjrJt81D6;1
talud;talud;1;AVWTit3t2INwjrJt81D6;1
talud;tijd;1;AVWTit3t2INwjrJt81D6;1
talud;tijden;1;AVWTit3t2INwjrJt81D6;1
talud;toegepast;1;AVWTit3t2INwjrJt81D6;1
talud;toepass;1;AVWTit3t2INwjrJt81D6;1
talud;toeslagstoff;1;AVWTit3t2INwjrJt81D6;1
talud;toevoer;1;AVWTit3t2INwjrJt81D6;1
talud;tonn;1;AVWTit3t2INwjrJt81D6;1
talud;traditionel;1;AVWTit3t2INwjrJt81D6;1
talud;tuss;1;AVWTit3t2INwjrJt81D6;1
talud;twee;1;AVWTit3t2INwjrJt81D6;1
talud;uitgevoerd;1;AVWTit3t2INwjrJt81D6;1
talud;uitlog;1;AVWTit3t2INwjrJt81D6;1
talud;uitvoer;1;AVWTit3t2INwjrJt81D6;1
talud;uur;1;AVWTit3t2INwjrJt81D6;1
talud;vanuit;1;AVWTit3t2INwjrJt81D6;1
talud;vastenburg;1;AVWTit3t2INwjrJt81D6;1
talud;verharder;1;AVWTit3t2INwjrJt81D6;1
talud;verpomp;1;AVWTit3t2INwjrJt81D6;1
talud;versterkt;19;AVWTit3t2INwjrJt81D6;19
talud;vertical;2;AVWTit3t2INwjrJt81D6;2
talud;vertroebel;1;AVWTit3t2INwjrJt81D6;1
talud;vervorm;2;AVWTit3t2INwjrJt81D6;2
talud;vet;1;AVWTit3t2INwjrJt81D6;1
talud;voldoen;1;AVWTit3t2INwjrJt81D6;1
talud;volumiek;1;AVWTit3t2INwjrJt81D6;1
talud;voorland;1;AVWTit3t2INwjrJt81D6;1
talud;vrij;1;AVWTit3t2INwjrJt81D6;1
talud;waard;1;AVWTit3t2INwjrJt81D6;1
talud;waardor;1;AVWTit3t2INwjrJt81D6;1
talud;waarin;1;AVWTit3t2INwjrJt81D6;1
talud;war;1;AVWTit3t2INwjrJt81D6;1
talud;water;1;AVWTit3t2INwjrJt81D6;1
talud;waterglas;1;AVWTit3t2INwjrJt81D6;1
talud;weg;1;AVWTit3t2INwjrJt81D6;1
talud;weinig;1;AVWTit3t2INwjrJt81D6;1
talud;werk;2;AVWTit3t2INwjrJt81D6;2
talud;zakt;1;AVWTit3t2INwjrJt81D6;1
talud;zand;1;AVWTit3t2INwjrJt81D6;1
talud;zodat;1;AVWTit3t2INwjrJt81D6;1
